Metric,Value
design__instance__count,4
design__instance_unmapped__count,0
synthesis__check_error__count,0
design__max_slew_violation__count__corner:nom_tt_025C_1v80,195
design__max_fanout_violation__count__corner:nom_tt_025C_1v80,0
design__max_cap_violation__count__corner:nom_tt_025C_1v80,104
power__internal__total,0
power__switching__total,0
power__leakage__total,0
power__total,0
clock__skew__worst_hold__corner:nom_tt_025C_1v80,0
clock__skew__worst_setup__corner:nom_tt_025C_1v80,0
timing__hold__ws__corner:nom_tt_025C_1v80,1000000043329398900000000000000000000000
timing__setup__ws__corner:nom_tt_025C_1v80,1000000043329398900000000000000000000000
timing__hold__tns__corner:nom_tt_025C_1v80,0
timing__setup__tns__corner:nom_tt_025C_1v80,0
timing__hold__wns__corner:nom_tt_025C_1v80,0
timing__setup__wns__corner:nom_tt_025C_1v80,0
timing__hold_vio__count__corner:nom_tt_025C_1v80,0
timing__hold_r2r__ws__corner:nom_tt_025C_1v80,inf
timing__hold_r2r_vio__count__corner:nom_tt_025C_1v80,0
timing__setup_vio__count__corner:nom_tt_025C_1v80,0
timing__setup_r2r__ws__corner:nom_tt_025C_1v80,inf
timing__setup_r2r_vio__count__corner:nom_tt_025C_1v80,0
design__max_slew_violation__count__corner:nom_ss_100C_1v60,195
design__max_fanout_violation__count__corner:nom_ss_100C_1v60,0
design__max_cap_violation__count__corner:nom_ss_100C_1v60,104
clock__skew__worst_hold__corner:nom_ss_100C_1v60,0
clock__skew__worst_setup__corner:nom_ss_100C_1v60,0
timing__hold__ws__corner:nom_ss_100C_1v60,1000000043329398900000000000000000000000
timing__setup__ws__corner:nom_ss_100C_1v60,1000000043329398900000000000000000000000
timing__hold__tns__corner:nom_ss_100C_1v60,0
timing__setup__tns__corner:nom_ss_100C_1v60,0
timing__hold__wns__corner:nom_ss_100C_1v60,0
timing__setup__wns__corner:nom_ss_100C_1v60,0
timing__hold_vio__count__corner:nom_ss_100C_1v60,0
timing__hold_r2r__ws__corner:nom_ss_100C_1v60,inf
timing__hold_r2r_vio__count__corner:nom_ss_100C_1v60,0
timing__setup_vio__count__corner:nom_ss_100C_1v60,0
timing__setup_r2r__ws__corner:nom_ss_100C_1v60,inf
timing__setup_r2r_vio__count__corner:nom_ss_100C_1v60,0
design__max_slew_violation__count__corner:nom_ff_n40C_1v95,193
design__max_fanout_violation__count__corner:nom_ff_n40C_1v95,0
design__max_cap_violation__count__corner:nom_ff_n40C_1v95,104
clock__skew__worst_hold__corner:nom_ff_n40C_1v95,0
clock__skew__worst_setup__corner:nom_ff_n40C_1v95,0
timing__hold__ws__corner:nom_ff_n40C_1v95,1000000043329398900000000000000000000000
timing__setup__ws__corner:nom_ff_n40C_1v95,1000000043329398900000000000000000000000
timing__hold__tns__corner:nom_ff_n40C_1v95,0
timing__setup__tns__corner:nom_ff_n40C_1v95,0
timing__hold__wns__corner:nom_ff_n40C_1v95,0
timing__setup__wns__corner:nom_ff_n40C_1v95,0
timing__hold_vio__count__corner:nom_ff_n40C_1v95,0
timing__hold_r2r__ws__corner:nom_ff_n40C_1v95,inf
timing__hold_r2r_vio__count__corner:nom_ff_n40C_1v95,0
timing__setup_vio__count__corner:nom_ff_n40C_1v95,0
timing__setup_r2r__ws__corner:nom_ff_n40C_1v95,inf
timing__setup_r2r_vio__count__corner:nom_ff_n40C_1v95,0
design__max_slew_violation__count,199
design__max_fanout_violation__count,0
design__max_cap_violation__count,104
clock__skew__worst_hold,0
clock__skew__worst_setup,0
timing__hold__ws,1000000043329398900000000000000000000000
timing__setup__ws,1000000043329398900000000000000000000000
timing__hold__tns,0
timing__setup__tns,0
timing__hold__wns,0
timing__setup__wns,0
timing__hold_vio__count,0
timing__hold_r2r__ws,inf
timing__hold_r2r_vio__count,0
timing__setup_vio__count,0
timing__setup_r2r__ws,inf
timing__setup_r2r_vio__count,0
design__die__bbox,0.0 0.0 3166.63 4766.63
design__core__bbox,40.02 40.8 3126.62 4724.64
design__io,887
design__die__area,15094200
design__core__area,14457100
design__instance__area,5130770
design__instance__count__stdcell,0
design__instance__area__stdcell,0
design__instance__count__macros,4
design__instance__area__macros,5130770
design__instance__utilization,0.354895
design__instance__utilization__stdcell,0
design__instance__count__class:macro,4
flow__warnings__count,1
flow__errors__count,0
design__power_grid_violation__count__net:vssd1,0
design__power_grid_violation__count__net:vccd1,0
design__power_grid_violation__count,0
design__instance__displacement__total,0
design__instance__displacement__mean,0
design__instance__displacement__max,0
route__wirelength__estimated,2289660
design__violations,0
antenna__violating__nets,0
antenna__violating__pins,0
route__antenna_violation__count,0
route__net,905
route__net__special,14
route__drc_errors__iter:1,1560
route__wirelength__iter:1,2414994
route__drc_errors__iter:2,11
route__wirelength__iter:2,2414668
route__drc_errors__iter:3,8
route__wirelength__iter:3,2414593
route__drc_errors__iter:4,6
route__wirelength__iter:4,2414596
route__drc_errors__iter:5,4
route__wirelength__iter:5,2414604
route__drc_errors__iter:6,0
route__wirelength__iter:6,2414601
route__drc_errors,0
route__wirelength,2414601
route__vias,4068
route__vias__singlecut,4068
route__vias__multicut,0
design__disconnected_pin__count,237
design__critical_disconnected_pin__count,0
route__wirelength__max,9555.78
timing__unannotated_net__count__corner:nom_tt_025C_1v80,299
timing__unannotated_net_filtered__count__corner:nom_tt_025C_1v80,76
timing__unannotated_net__count__corner:nom_ss_100C_1v60,299
timing__unannotated_net_filtered__count__corner:nom_ss_100C_1v60,76
timing__unannotated_net__count__corner:nom_ff_n40C_1v95,299
timing__unannotated_net_filtered__count__corner:nom_ff_n40C_1v95,76
design__max_slew_violation__count__corner:min_tt_025C_1v80,188
design__max_fanout_violation__count__corner:min_tt_025C_1v80,0
design__max_cap_violation__count__corner:min_tt_025C_1v80,104
clock__skew__worst_hold__corner:min_tt_025C_1v80,0
clock__skew__worst_setup__corner:min_tt_025C_1v80,0
timing__hold__ws__corner:min_tt_025C_1v80,1000000043329398900000000000000000000000
timing__setup__ws__corner:min_tt_025C_1v80,1000000043329398900000000000000000000000
timing__hold__tns__corner:min_tt_025C_1v80,0
timing__setup__tns__corner:min_tt_025C_1v80,0
timing__hold__wns__corner:min_tt_025C_1v80,0
timing__setup__wns__corner:min_tt_025C_1v80,0
timing__hold_vio__count__corner:min_tt_025C_1v80,0
timing__hold_r2r__ws__corner:min_tt_025C_1v80,inf
timing__hold_r2r_vio__count__corner:min_tt_025C_1v80,0
timing__setup_vio__count__corner:min_tt_025C_1v80,0
timing__setup_r2r__ws__corner:min_tt_025C_1v80,inf
timing__setup_r2r_vio__count__corner:min_tt_025C_1v80,0
timing__unannotated_net__count__corner:min_tt_025C_1v80,299
timing__unannotated_net_filtered__count__corner:min_tt_025C_1v80,76
design__max_slew_violation__count__corner:min_ss_100C_1v60,190
design__max_fanout_violation__count__corner:min_ss_100C_1v60,0
design__max_cap_violation__count__corner:min_ss_100C_1v60,104
clock__skew__worst_hold__corner:min_ss_100C_1v60,0
clock__skew__worst_setup__corner:min_ss_100C_1v60,0
timing__hold__ws__corner:min_ss_100C_1v60,1000000043329398900000000000000000000000
timing__setup__ws__corner:min_ss_100C_1v60,1000000043329398900000000000000000000000
timing__hold__tns__corner:min_ss_100C_1v60,0
timing__setup__tns__corner:min_ss_100C_1v60,0
timing__hold__wns__corner:min_ss_100C_1v60,0
timing__setup__wns__corner:min_ss_100C_1v60,0
timing__hold_vio__count__corner:min_ss_100C_1v60,0
timing__hold_r2r__ws__corner:min_ss_100C_1v60,inf
timing__hold_r2r_vio__count__corner:min_ss_100C_1v60,0
timing__setup_vio__count__corner:min_ss_100C_1v60,0
timing__setup_r2r__ws__corner:min_ss_100C_1v60,inf
timing__setup_r2r_vio__count__corner:min_ss_100C_1v60,0
timing__unannotated_net__count__corner:min_ss_100C_1v60,299
timing__unannotated_net_filtered__count__corner:min_ss_100C_1v60,76
design__max_slew_violation__count__corner:min_ff_n40C_1v95,188
design__max_fanout_violation__count__corner:min_ff_n40C_1v95,0
design__max_cap_violation__count__corner:min_ff_n40C_1v95,104
clock__skew__worst_hold__corner:min_ff_n40C_1v95,0
clock__skew__worst_setup__corner:min_ff_n40C_1v95,0
timing__hold__ws__corner:min_ff_n40C_1v95,1000000043329398900000000000000000000000
timing__setup__ws__corner:min_ff_n40C_1v95,1000000043329398900000000000000000000000
timing__hold__tns__corner:min_ff_n40C_1v95,0
timing__setup__tns__corner:min_ff_n40C_1v95,0
timing__hold__wns__corner:min_ff_n40C_1v95,0
timing__setup__wns__corner:min_ff_n40C_1v95,0
timing__hold_vio__count__corner:min_ff_n40C_1v95,0
timing__hold_r2r__ws__corner:min_ff_n40C_1v95,inf
timing__hold_r2r_vio__count__corner:min_ff_n40C_1v95,0
timing__setup_vio__count__corner:min_ff_n40C_1v95,0
timing__setup_r2r__ws__corner:min_ff_n40C_1v95,inf
timing__setup_r2r_vio__count__corner:min_ff_n40C_1v95,0
timing__unannotated_net__count__corner:min_ff_n40C_1v95,299
timing__unannotated_net_filtered__count__corner:min_ff_n40C_1v95,76
design__max_slew_violation__count__corner:max_tt_025C_1v80,197
design__max_fanout_violation__count__corner:max_tt_025C_1v80,0
design__max_cap_violation__count__corner:max_tt_025C_1v80,104
clock__skew__worst_hold__corner:max_tt_025C_1v80,0
clock__skew__worst_setup__corner:max_tt_025C_1v80,0
timing__hold__ws__corner:max_tt_025C_1v80,1000000043329398900000000000000000000000
timing__setup__ws__corner:max_tt_025C_1v80,1000000043329398900000000000000000000000
timing__hold__tns__corner:max_tt_025C_1v80,0
timing__setup__tns__corner:max_tt_025C_1v80,0
timing__hold__wns__corner:max_tt_025C_1v80,0
timing__setup__wns__corner:max_tt_025C_1v80,0
timing__hold_vio__count__corner:max_tt_025C_1v80,0
timing__hold_r2r__ws__corner:max_tt_025C_1v80,inf
timing__hold_r2r_vio__count__corner:max_tt_025C_1v80,0
timing__setup_vio__count__corner:max_tt_025C_1v80,0
timing__setup_r2r__ws__corner:max_tt_025C_1v80,inf
timing__setup_r2r_vio__count__corner:max_tt_025C_1v80,0
timing__unannotated_net__count__corner:max_tt_025C_1v80,299
timing__unannotated_net_filtered__count__corner:max_tt_025C_1v80,76
design__max_slew_violation__count__corner:max_ss_100C_1v60,199
design__max_fanout_violation__count__corner:max_ss_100C_1v60,0
design__max_cap_violation__count__corner:max_ss_100C_1v60,104
clock__skew__worst_hold__corner:max_ss_100C_1v60,0
clock__skew__worst_setup__corner:max_ss_100C_1v60,0
timing__hold__ws__corner:max_ss_100C_1v60,1000000043329398900000000000000000000000
timing__setup__ws__corner:max_ss_100C_1v60,1000000043329398900000000000000000000000
timing__hold__tns__corner:max_ss_100C_1v60,0
timing__setup__tns__corner:max_ss_100C_1v60,0
timing__hold__wns__corner:max_ss_100C_1v60,0
timing__setup__wns__corner:max_ss_100C_1v60,0
timing__hold_vio__count__corner:max_ss_100C_1v60,0
timing__hold_r2r__ws__corner:max_ss_100C_1v60,inf
timing__hold_r2r_vio__count__corner:max_ss_100C_1v60,0
timing__setup_vio__count__corner:max_ss_100C_1v60,0
timing__setup_r2r__ws__corner:max_ss_100C_1v60,inf
timing__setup_r2r_vio__count__corner:max_ss_100C_1v60,0
timing__unannotated_net__count__corner:max_ss_100C_1v60,299
timing__unannotated_net_filtered__count__corner:max_ss_100C_1v60,76
design__max_slew_violation__count__corner:max_ff_n40C_1v95,195
design__max_fanout_violation__count__corner:max_ff_n40C_1v95,0
design__max_cap_violation__count__corner:max_ff_n40C_1v95,104
clock__skew__worst_hold__corner:max_ff_n40C_1v95,0
clock__skew__worst_setup__corner:max_ff_n40C_1v95,0
timing__hold__ws__corner:max_ff_n40C_1v95,1000000043329398900000000000000000000000
timing__setup__ws__corner:max_ff_n40C_1v95,1000000043329398900000000000000000000000
timing__hold__tns__corner:max_ff_n40C_1v95,0
timing__setup__tns__corner:max_ff_n40C_1v95,0
timing__hold__wns__corner:max_ff_n40C_1v95,0
timing__setup__wns__corner:max_ff_n40C_1v95,0
timing__hold_vio__count__corner:max_ff_n40C_1v95,0
timing__hold_r2r__ws__corner:max_ff_n40C_1v95,inf
timing__hold_r2r_vio__count__corner:max_ff_n40C_1v95,0
timing__setup_vio__count__corner:max_ff_n40C_1v95,0
timing__setup_r2r__ws__corner:max_ff_n40C_1v95,inf
timing__setup_r2r_vio__count__corner:max_ff_n40C_1v95,0
timing__unannotated_net__count__corner:max_ff_n40C_1v95,299
timing__unannotated_net_filtered__count__corner:max_ff_n40C_1v95,76
timing__unannotated_net__count,299
timing__unannotated_net_filtered__count,76
design__xor_difference__count,909
magic__drc_error__count,0
klayout__drc_error__count,0
magic__illegal_overlap__count,27
